LotArea,LotFrontage,TotalBsmtSF,BedroomAbvGr,Fireplaces,PoolArea,GarageCars,WoodDeckSF,ScreenPorch,Expensive
8450,65.0,856,3,0,0,2,0,0,0
9600,80.0,1262,3,1,0,2,298,0,0
11250,68.0,920,3,1,0,2,0,0,0
9550,60.0,756,3,1,0,3,0,0,0
14260,84.0,1145,4,1,0,3,192,0,0
14115,85.0,796,1,0,0,2,40,0,0
10084,75.0,1686,3,1,0,2,255,0,1
10382,,1107,3,2,0,2,235,0,0
6120,51.0,952,2,2,0,2,90,0,0
7420,50.0,991,2,2,0,1,0,0,0
11200,70.0,1040,3,0,0,1,0,0,0
11924,85.0,1175,4,2,0,3,147,0,1
12968,,912,2,0,0,1,140,176,0
10652,91.0,1494,3,1,0,3,160,0,1
10920,,1253,2,1,0,1,0,0,0
6120,51.0,832,2,0,0,2,48,0,0
11241,,1004,2,1,0,2,0,0,0
10791,72.0,0,2,0,0,2,0,0,0
13695,66.0,1114,3,0,0,2,0,0,0
7560,70.0,1029,3,0,0,1,0,0,0
14215,101.0,1158,4,1,0,3,240,0,1
7449,57.0,637,3,1,0,1,0,0,0
9742,75.0,1777,3,1,0,2,171,0,0
4224,44.0,1040,3,1,0,2,100,0,0
8246,,1060,3,1,0,1,406,0,0
14230,110.0,1566,3,1,0,3,0,0,1
7200,60.0,900,3,0,0,2,222,0,0
11478,98.0,1704,3,1,0,3,0,0,1
16321,47.0,1484,2,2,0,1,288,0,0
6324,60.0,520,1,0,0,1,49,0,0
8500,50.0,649,3,0,0,1,0,0,0
8544,,1228,3,0,0,1,0,0,0
11049,85.0,1234,3,0,0,2,0,0,0
10552,70.0,1398,4,1,0,2,0,0,0
7313,60.0,1561,2,1,0,2,203,0,1
13418,108.0,1117,4,1,0,3,113,0,1
10859,112.0,1097,3,0,0,2,392,0,0
8532,74.0,1297,3,1,0,2,0,0,0
7922,68.0,1057,3,0,0,1,0,0,0
6040,65.0,0,2,0,0,0,0,0,0
8658,84.0,1088,3,1,0,2,0,0,0
16905,115.0,1350,2,2,0,1,0,0,0
9180,,840,2,0,0,2,240,0,0
9200,,938,3,0,0,1,145,0,0
7945,70.0,1150,3,0,0,1,0,0,0
7658,61.0,1752,2,1,0,2,196,0,1
12822,48.0,1434,1,1,0,2,168,198,0
11096,84.0,1656,3,0,0,3,0,0,0
4456,33.0,736,2,0,0,0,0,0,0
7742,66.0,955,3,0,0,1,0,0,0
13869,,794,3,0,0,2,0,0,0
6240,52.0,816,3,1,0,2,112,0,0
8472,110.0,816,2,0,0,2,106,0,0
50271,68.0,1842,0,1,0,3,857,0,1
7134,60.0,384,3,1,0,2,0,0,0
10175,100.0,1425,3,1,0,2,0,0,0
2645,24.0,970,3,0,0,2,115,0,0
11645,89.0,860,3,0,0,2,0,0,0
13682,66.0,1410,3,1,0,3,192,0,1
7200,60.0,780,2,0,0,1,196,0,0
13072,63.0,1158,3,0,0,2,0,0,0
7200,60.0,530,3,0,0,1,0,0,0
6442,44.0,1370,2,1,0,2,120,0,0
10300,50.0,576,3,0,0,2,12,0,0
9375,,1057,3,0,0,2,576,0,0
9591,76.0,1143,4,1,0,3,192,0,1
19900,,1947,3,1,0,2,301,0,0
10665,72.0,1453,3,0,0,2,144,0,0
4608,47.0,747,2,0,0,1,0,0,0
15593,81.0,1304,3,1,0,2,0,0,0
13651,95.0,2223,3,2,0,2,300,0,0
7599,69.0,845,2,0,0,2,0,0,0
10141,74.0,832,3,1,0,2,0,291,0
10200,85.0,1086,3,0,0,2,0,0,0
5790,60.0,840,3,0,0,1,0,0,0
1596,21.0,462,2,0,0,1,120,0,0
8475,,952,2,0,0,1,0,0,0
8635,50.0,672,2,0,0,1,0,0,0
10778,72.0,1768,4,0,0,0,0,0,0
10440,60.0,440,2,0,0,2,74,0,0
13000,100.0,896,4,1,0,1,0,252,0
4500,32.0,1237,2,0,0,2,0,0,0
10206,78.0,1563,3,1,0,3,144,0,0
8892,80.0,1065,3,0,0,2,74,0,0
8530,,384,3,1,0,2,120,0,0
16059,121.0,1288,4,1,0,2,127,0,1
11911,122.0,684,3,1,0,2,100,0,0
3951,40.0,612,2,0,0,2,0,0,0
8470,105.0,1013,2,0,0,0,0,0,0
8070,60.0,990,3,0,0,0,0,0,0
7200,60.0,0,2,0,0,2,0,0,0
8500,85.0,1235,2,0,0,2,0,0,0
13360,80.0,876,2,0,0,2,0,0,0
7200,60.0,1214,4,1,0,2,0,99,0
9337,69.0,824,3,0,0,2,0,0,0
9765,,680,3,1,0,2,232,0,0
10264,78.0,1588,3,0,0,2,158,0,0
10921,73.0,960,3,0,0,1,120,0,0
10625,85.0,458,2,0,0,1,0,0,0
9320,77.0,950,3,0,0,0,352,0,0
10603,,1610,3,2,0,2,168,0,0
9206,77.0,741,3,1,0,2,192,0,0
7018,64.0,0,4,0,0,2,0,0,0
10402,94.0,1226,3,0,0,3,0,0,0
7758,,1040,4,2,0,1,0,184,0
9375,75.0,1053,3,1,0,2,140,0,0
10800,60.0,641,2,0,0,1,0,0,0
6000,50.0,789,2,0,0,1,0,0,0
8500,85.0,793,3,0,0,0,0,0,0
11751,105.0,1844,3,1,0,2,0,0,0
9525,75.0,994,4,0,0,1,182,0,0
7750,,384,3,1,0,2,180,0,0
9965,77.0,1264,4,1,0,3,120,168,1
21000,,1809,3,2,0,2,166,0,0
7259,61.0,1028,3,1,0,1,224,0,1
3230,34.0,729,2,1,0,2,0,0,0
11616,,1092,3,1,0,1,0,0,0
8536,74.0,1125,2,0,0,2,80,0,0
12376,90.0,1673,5,2,0,3,367,0,1
8461,65.0,728,3,1,0,2,0,0,0
21453,,938,1,2,0,2,0,0,0
6060,50.0,732,3,0,0,1,0,0,0
9464,75.0,1080,3,0,0,1,0,130,0
7892,55.0,1199,2,0,0,2,0,0,0
17043,48.0,1362,3,1,0,2,192,0,0
6780,60.0,520,2,0,0,0,53,0,0
4928,,1078,2,1,0,2,0,0,0
4388,55.0,672,3,1,0,0,0,0,0
7590,69.0,660,3,1,0,2,188,0,0
8973,69.0,1008,3,0,0,2,0,0,0
14200,88.0,924,4,2,0,2,105,0,0
12224,,992,3,1,0,2,24,0,0
7388,75.0,1063,3,0,0,2,0,0,0
6853,,1267,2,0,0,2,192,0,0
10335,78.0,1461,3,1,0,2,0,0,0
10400,80.0,1304,3,1,0,2,98,0,0
10355,,1214,3,1,0,1,0,0,0
11070,82.0,1907,5,0,0,3,0,0,0
9066,73.0,1004,3,2,0,3,224,0,0
15426,65.0,928,3,0,0,2,276,0,0
10500,70.0,864,3,1,0,0,0,0,0
11645,78.0,1734,3,0,0,2,160,0,1
8520,71.0,910,4,0,0,2,0,0,0
10335,78.0,1490,3,0,0,2,144,0,0
9100,70.0,1728,6,0,0,2,0,0,0
2522,24.0,970,3,0,0,2,0,0,0
6120,51.0,715,2,0,0,1,48,0,0
9505,,884,3,1,0,2,144,0,0
7500,63.0,1080,3,0,0,0,0,0,0
6240,,896,3,0,0,1,200,0,0
10356,120.0,969,3,0,0,2,0,0,0
13891,107.0,1710,2,1,0,3,0,0,1
14803,,825,4,1,0,2,0,0,0
13500,,1602,1,1,0,2,409,0,0
11340,84.0,1200,4,0,0,1,0,0,0
9600,60.0,572,2,0,0,0,0,0,0
7200,60.0,0,2,0,0,2,0,0,0
12003,92.0,774,4,1,0,3,0,0,1
12552,100.0,991,3,1,0,2,0,0,1
19378,134.0,1392,4,1,0,2,239,0,1
11120,,1232,3,0,0,2,0,0,0
13688,110.0,1572,3,2,0,3,400,0,1
12182,95.0,1541,3,1,0,2,0,0,0
5500,55.0,882,1,0,0,0,0,0,0
5400,40.0,1149,3,0,0,1,0,0,0
10106,62.0,644,4,0,0,0,140,0,0
10708,,1617,2,3,0,1,476,142,0
10562,86.0,1582,3,1,0,3,178,0,1
8244,62.0,840,3,1,0,2,100,0,0
16669,,1686,2,1,0,2,574,0,0
12358,,720,2,0,0,2,237,0,0
31770,141.0,1080,3,2,0,2,210,0,0
5306,44.0,1064,2,1,0,2,441,0,0
10197,80.0,1362,3,1,0,2,0,0,0
12416,47.0,1606,3,1,0,2,192,0,0
12615,84.0,1202,4,1,0,2,0,0,0
10029,97.0,1151,4,1,0,2,0,192,0
13650,,1052,4,1,0,2,0,0,0
17423,63.0,2216,1,1,0,3,0,0,1
8520,60.0,968,2,0,0,2,0,0,0
2117,,756,3,1,0,2,0,0,0
7588,54.0,793,4,1,0,1,0,0,0
9060,60.0,0,3,1,0,1,116,0,0
11426,63.0,1362,3,0,0,2,280,0,0
7438,92.0,504,3,0,0,2,104,0,0
22950,90.0,1107,4,2,0,3,0,410,1
9947,,1188,3,0,0,2,168,0,0
10410,60.0,660,3,0,0,1,0,0,0
7018,64.0,1086,2,2,0,2,120,0,0
4923,41.0,1593,0,1,0,2,0,224,1
10570,70.0,853,3,2,0,2,0,0,1
7472,,725,4,0,0,2,0,0,0
9017,68.0,1431,3,0,0,2,0,0,0
2522,24.0,970,3,0,0,2,0,0,0
7180,60.0,864,3,0,0,1,0,0,0
2280,24.0,855,3,1,0,2,87,0,0
9416,79.0,1726,3,1,0,3,171,266,1
25419,174.0,1360,4,1,512,2,0,0,0
5520,92.0,755,5,0,0,0,0,0,0
9591,76.0,1713,3,1,0,3,0,170,1
8546,80.0,1121,2,0,0,2,132,0,0
10125,75.0,1196,3,2,0,2,238,0,0
7000,50.0,617,2,0,0,1,0,0,0
4438,,848,1,1,0,2,149,0,0
3500,50.0,720,2,0,0,1,0,0,0
11851,99.0,1424,3,0,0,2,0,0,0
13673,40.0,1140,3,1,0,1,0,0,0
12493,,1100,3,1,0,1,355,0,0
14364,,1157,3,1,0,2,60,154,1
8250,75.0,1092,3,0,0,2,0,0,0
5604,67.0,864,2,0,0,0,0,0,0
10420,83.0,1212,3,0,0,2,100,0,0
8640,72.0,900,3,1,0,2,168,0,1
13568,43.0,990,3,0,0,2,224,0,0
10900,,689,3,0,0,1,0,0,0
10011,72.0,1070,2,1,0,1,0,0,0
8450,65.0,1436,3,0,0,2,139,0,0
9906,57.0,686,3,0,0,1,0,0,0
15660,,798,3,2,0,2,0,0,1
3010,43.0,1248,2,0,0,2,108,0,0
8990,73.0,1498,2,0,0,2,351,0,0
8068,,1010,4,1,0,2,120,0,0
11475,85.0,713,3,1,0,2,209,0,0
10500,70.0,864,2,0,0,2,216,0,0
13472,103.0,2392,3,1,0,3,248,0,1
1680,21.0,630,3,0,0,1,0,0,0
9950,82.0,1203,4,1,0,3,224,0,1
1869,21.0,483,2,0,0,1,0,0,0
8521,70.0,912,3,1,0,1,0,0,0
3182,43.0,1373,2,1,0,2,143,0,0
8760,73.0,1194,3,0,0,1,0,0,0
15138,174.0,1462,4,1,0,3,0,0,1
1680,21.0,483,2,1,0,1,0,0,0
10650,75.0,894,3,0,0,1,365,0,0
7851,,860,4,2,0,2,288,0,0
1680,21.0,483,2,0,0,1,0,0,0
8773,65.0,1414,3,0,0,2,132,0,0
9453,,996,3,0,0,2,370,0,0
12030,93.0,1694,3,0,0,3,168,0,1
8741,52.0,735,3,1,0,1,0,0,0
9000,75.0,1566,3,0,0,2,144,0,1
3880,40.0,686,2,0,0,0,58,0,0
5000,63.0,540,3,0,0,1,0,0,0
10762,75.0,626,3,1,0,1,0,0,0
8880,,948,3,2,0,2,0,0,0
10400,80.0,1845,3,1,0,2,197,0,0
9142,69.0,1020,4,0,0,1,0,0,0
11310,75.0,1367,2,1,0,2,0,0,0
11317,72.0,840,3,0,0,2,144,0,0
159000,,1444,4,2,0,2,0,0,1
5350,55.0,728,3,0,0,0,263,0,0
4750,44.0,1573,2,1,0,2,123,153,0
8366,65.0,798,3,0,0,2,138,0,0
9350,85.0,1302,3,0,0,1,333,0,0
8400,70.0,1314,3,0,0,1,250,0,0
8738,66.0,975,4,1,0,2,192,0,0
8791,64.0,864,3,0,0,2,216,0,0
8814,68.0,1604,3,1,0,2,123,0,0
12435,80.0,963,3,1,0,2,0,0,0
12702,70.0,0,2,0,0,1,0,0,0
19296,120.0,1362,3,1,0,2,0,0,0
9588,69.0,1482,3,1,0,3,0,0,1
8471,88.0,506,3,1,0,2,292,0,0
5500,50.0,926,3,0,0,2,0,0,0
5232,30.0,680,2,0,0,2,0,0,0
12090,78.0,1422,3,1,0,2,276,0,0
11207,70.0,802,3,1,0,2,95,0,0
8400,60.0,720,4,1,0,1,262,0,0
6900,71.0,740,2,1,0,1,0,0,0
7917,,1143,3,1,0,1,370,0,0
10728,84.0,1095,3,1,0,3,192,0,1
39104,73.0,1385,2,2,0,2,81,0,0
11764,92.0,1152,4,1,0,3,132,0,1
9600,80.0,1240,3,1,0,1,289,0,0
8314,76.0,816,2,0,0,1,168,0,0
7264,55.0,952,3,0,0,2,74,144,0
9196,129.0,1560,3,0,0,2,100,0,0
19138,140.0,864,2,0,0,2,0,0,0
14450,107.0,2121,3,1,0,3,124,142,1
10005,83.0,1160,4,1,0,2,288,0,0
11287,82.0,807,3,1,0,2,0,0,0
7200,60.0,1262,2,0,0,2,0,0,0
5063,34.0,1314,2,1,0,2,172,0,0
9612,74.0,1468,3,1,0,3,210,0,0
8012,50.0,1575,2,0,0,2,0,0,0
4251,35.0,625,2,0,0,2,0,0,0
9786,77.0,912,3,1,0,2,0,128,0
8125,,858,3,0,0,0,0,0,0
9819,,882,3,0,0,1,0,0,0
8730,60.0,698,3,0,0,1,0,259,0
15611,120.0,1079,3,1,0,2,0,0,0
5687,55.0,780,6,0,0,0,0,0,0
11409,60.0,768,3,1,0,1,0,160,0
16659,,795,3,1,0,2,0,0,0
9600,80.0,1416,3,2,0,2,110,0,0
7937,37.0,1003,3,0,0,2,120,0,0
13710,75.0,910,4,0,0,1,289,0,0
7399,66.0,975,3,1,0,2,0,198,0
11700,90.0,702,3,1,0,2,224,0,0
14000,80.0,1092,3,1,0,1,0,0,0
15750,90.0,1165,2,2,0,1,0,0,0
16226,66.0,1028,4,1,0,2,208,0,1
13704,118.0,1541,3,1,0,3,468,0,0
9800,70.0,894,3,0,0,2,256,0,0
18386,87.0,1470,3,1,0,3,302,0,1
10386,80.0,2000,3,0,0,3,168,0,1
13474,116.0,700,4,1,0,3,127,0,0
7920,,319,3,0,0,0,0,0,0
12342,,861,1,0,0,2,158,0,0
12378,90.0,1896,3,3,0,3,208,0,1
7685,,697,3,1,0,2,190,0,0
8000,50.0,972,2,1,0,1,0,0,0
7800,65.0,793,3,1,0,2,0,271,0
215245,150.0,2136,3,2,0,2,0,0,1
9600,60.0,728,3,1,0,2,0,0,0
7795,71.0,716,3,1,0,2,100,0,0
13005,94.0,845,4,1,0,2,288,0,1
9000,75.0,1088,3,1,0,3,208,0,1
9900,90.0,1347,4,1,0,3,340,0,1
14115,,1372,3,2,0,2,233,0,0
16259,111.0,1249,4,0,0,3,240,0,1
12099,99.0,1136,4,1,0,3,184,0,1
10380,86.0,1502,4,1,0,2,201,0,1
5820,49.0,1162,3,0,0,1,142,0,0
11275,96.0,710,5,1,0,2,240,0,0
5000,50.0,720,2,0,0,2,0,0,0
10846,32.0,1719,1,2,0,2,122,0,1
11600,80.0,1383,3,0,0,1,0,0,0
11888,,844,5,0,0,2,0,0,0
6402,60.0,596,3,0,0,1,0,0,0
10624,,1728,6,0,0,1,155,0,0
8176,70.0,1056,3,0,0,1,0,0,0
10655,85.0,3206,3,1,0,3,0,0,1
8198,59.0,1358,2,1,0,2,192,0,0
9042,59.0,943,3,2,0,2,100,0,0
164660,,1499,3,2,0,2,670,0,0
14157,86.0,1922,3,1,0,3,178,0,1
9135,70.0,1536,3,0,0,2,192,0,0
14145,91.0,1208,3,0,0,2,108,0,0
12400,66.0,1215,3,0,0,1,0,234,0
14191,85.0,967,4,0,0,2,135,0,0
8400,60.0,721,2,0,0,1,250,0,0
8544,,0,2,0,0,2,0,0,0
8849,63.0,1684,2,1,0,2,495,0,1
2592,36.0,536,3,0,0,1,182,0,0
6435,65.0,972,3,1,0,1,0,0,0
12772,,958,2,0,0,1,0,0,0
17600,,1478,3,2,0,2,0,0,0
2448,36.0,764,2,0,0,2,0,0,0
20431,56.0,1848,4,2,0,3,0,0,1
7820,68.0,1869,2,1,0,2,210,0,1
5271,,1453,2,1,0,2,0,184,0
9084,60.0,616,3,0,0,1,48,0,0
8520,60.0,624,2,0,0,2,106,0,0
8400,60.0,940,2,2,0,1,0,0,0
11249,105.0,1200,3,0,0,2,0,0,0
9248,,1158,3,0,0,2,120,0,0
4224,44.0,1142,3,1,0,2,536,0,0
6930,92.0,1062,3,0,0,1,168,0,0
12011,78.0,1086,3,1,0,2,208,374,1
7540,,888,2,1,0,2,0,192,0
9144,,883,3,0,0,1,0,0,0
7301,64.0,0,4,1,0,2,0,0,0
1680,21.0,483,2,0,0,1,250,0,0
18800,,796,3,1,0,2,306,0,0
10690,59.0,672,3,0,0,1,0,0,0
9500,,1394,3,2,0,2,0,185,0
9150,101.0,1099,3,1,0,1,64,0,0
7800,78.0,1268,2,1,0,1,0,0,0
9830,,1063,3,1,0,2,364,182,0
8121,,953,3,1,0,2,100,0,0
17120,80.0,0,4,1,0,2,0,0,0
7175,50.0,744,2,0,0,1,353,90,0
10634,79.0,608,3,0,0,1,66,0,0
8200,65.0,847,4,1,0,2,100,0,0
10020,,683,1,0,0,0,0,0,0
8846,57.0,870,2,0,0,2,0,0,0
11143,102.0,1580,4,1,0,2,159,0,1
11394,88.0,1856,1,1,0,3,113,0,1
8123,60.0,982,3,1,0,2,100,0,0
5000,50.0,1026,3,1,0,1,0,0,0
7200,60.0,1293,2,1,0,2,216,0,0
9245,79.0,939,3,0,0,2,144,0,0
9000,60.0,784,2,0,0,2,0,0,0
53107,,1580,3,2,0,2,216,0,0
3182,43.0,1256,2,1,0,2,146,144,0
8410,58.0,658,5,0,0,0,0,0,0
7200,72.0,1041,3,1,0,1,296,0,0
9382,93.0,1468,3,0,0,2,120,0,0
12474,96.0,1682,3,1,0,3,196,0,1
8405,50.0,861,4,0,0,1,0,0,0
12209,71.0,804,3,1,0,2,125,0,0
8339,,0,3,0,0,1,0,0,0
7446,,788,2,2,0,0,0,0,0
10134,60.0,735,2,0,0,1,0,0,0
9571,68.0,1144,3,0,0,1,44,0,0
7200,60.0,894,2,0,0,2,215,0,0
7590,69.0,864,4,1,0,1,0,0,0
8967,60.0,961,2,0,0,1,0,0,0
8125,65.0,1092,2,0,0,2,0,0,0
14963,38.0,1260,1,2,0,2,120,224,0
8767,65.0,1310,3,1,0,2,0,0,0
10200,60.0,672,2,0,0,1,168,0,0
12090,93.0,1141,4,1,0,2,144,0,1
10364,,806,3,1,0,2,0,0,0
9991,,1281,3,1,0,2,120,0,0
10480,51.0,1064,3,0,0,1,0,0,0
15576,63.0,840,4,0,0,1,0,0,0
14154,109.0,1063,3,1,0,3,192,0,1
10800,85.0,1034,3,1,0,3,0,0,1
9571,68.0,1276,3,0,0,1,0,0,0
34650,100.0,1056,3,0,0,2,264,0,0
4403,,1470,2,1,0,2,0,0,0
8960,56.0,1008,2,1,0,2,0,0,0
11228,59.0,1080,3,1,0,3,196,0,0
8899,73.0,1340,3,0,0,2,100,0,0
7844,74.0,672,3,1,0,2,0,0,0
22420,86.0,1370,4,1,0,3,0,0,0
8160,60.0,756,3,0,0,1,0,0,0
8450,65.0,1056,3,1,0,1,0,0,0
7060,78.0,1344,2,0,0,4,0,0,0
16635,,1602,3,1,0,2,240,0,0
21750,100.0,988,2,0,0,2,0,0,0
9200,80.0,1470,4,1,0,3,0,0,1
9000,72.0,1196,2,1,0,1,0,0,0
3378,60.0,651,3,2,0,1,0,0,0
12800,,1518,2,1,0,2,80,396,1
8593,77.0,907,3,0,0,1,0,0,0
6762,64.0,1208,2,0,0,2,105,0,0
11457,130.0,1392,3,1,0,2,0,0,0
1680,21.0,483,2,0,0,1,0,0,0
5586,60.0,901,4,0,0,0,0,0,0
1920,24.0,765,2,0,0,2,240,0,0
10839,100.0,926,3,1,0,2,0,0,0
1890,21.0,630,1,0,0,0,88,0,0
10667,43.0,799,3,1,0,2,158,0,0
4400,40.0,648,2,0,0,2,0,0,0
6000,50.0,884,2,0,0,1,0,0,0
4280,40.0,440,2,1,0,1,0,0,0
12354,67.0,684,3,0,0,2,0,0,0
15431,105.0,3094,2,2,0,3,0,170,1
12108,92.0,1440,4,0,0,0,0,0,0
6240,52.0,1078,3,1,0,2,0,0,0
3922,53.0,1258,2,1,0,3,144,0,0
8750,70.0,915,4,1,0,2,144,0,0
9855,73.0,1436,3,1,0,2,0,0,0
16492,137.0,1517,2,1,0,2,0,0,0
11214,,930,4,1,0,2,89,0,0
8600,50.0,780,3,1,0,1,0,0,0
6000,50.0,649,2,0,0,1,0,0,0
5684,70.0,813,2,0,0,1,0,0,0
70761,62.0,1533,2,2,0,2,200,0,1
9303,,872,3,0,0,2,144,0,0
9000,75.0,768,3,0,0,2,0,0,0
9297,63.0,1728,4,0,0,2,0,0,0
9600,80.0,1242,3,1,0,2,0,0,0
4571,34.0,624,4,0,0,3,0,0,0
53227,,1364,2,2,0,2,224,0,1
5100,,588,3,1,0,1,192,0,0
7015,,709,3,1,0,1,0,0,0
8004,75.0,832,3,0,0,2,0,0,1
7200,60.0,560,3,0,0,2,256,0,0
8281,60.0,864,3,1,0,1,0,0,0
11988,74.0,715,3,1,0,1,0,0,0
8430,60.0,1040,3,0,0,0,0,0,0
3072,,1375,2,1,0,2,144,0,0
10628,85.0,1277,2,1,0,2,0,176,0
9480,79.0,728,3,2,0,1,168,0,0
11428,98.0,1626,3,1,0,3,0,0,0
9291,76.0,832,3,0,0,2,144,0,0
6820,,1488,1,0,0,2,0,140,0
11952,92.0,808,3,1,0,2,0,276,0
3675,35.0,547,2,0,0,2,0,0,0
14977,110.0,1976,2,1,0,3,250,0,1
5330,41.0,1494,2,0,0,2,96,0,1
8480,80.0,970,2,0,0,2,0,192,0
13125,75.0,1478,3,1,0,2,140,0,0
13693,105.0,2153,3,1,0,3,414,0,1
10637,79.0,1705,3,1,0,3,208,0,1
5925,50.0,907,2,0,0,2,0,0,0
16033,98.0,1833,3,1,0,3,519,0,1
11846,72.0,1792,2,1,0,3,206,0,1
2500,50.0,910,4,1,0,1,0,0,0
4500,32.0,1216,2,0,0,2,0,0,0
7758,,999,3,0,0,1,0,0,0
9600,80.0,1113,3,1,0,1,0,0,0
10289,79.0,1073,3,0,0,2,0,0,0
12243,70.0,1484,3,1,0,2,224,180,0
10800,60.0,954,3,1,0,2,142,0,0
1526,21.0,630,1,0,0,1,0,0,0
2665,,264,3,1,0,1,141,0,0
9490,79.0,806,3,2,0,1,0,0,0
15578,105.0,728,3,0,0,2,0,0,0
7931,70.0,1269,3,1,0,1,0,0,0
5784,50.0,190,2,0,0,1,144,0,0
7879,60.0,720,2,0,0,0,0,0,0
12692,,3200,4,1,0,2,264,0,1
9120,60.0,1026,4,0,0,1,0,0,0
7800,65.0,864,3,0,0,1,64,0,0
7535,70.0,912,2,0,0,1,12,0,0
1890,21.0,672,3,0,0,1,144,0,0
9803,75.0,866,3,0,0,2,0,0,0
9170,70.0,1214,2,0,0,2,0,0,0
15602,100.0,1501,1,2,0,2,0,161,1
2308,24.0,855,3,1,0,2,260,0,0
7596,60.0,960,4,0,0,2,0,0,0
9554,80.0,777,3,1,0,2,182,0,0
7862,75.0,1218,2,0,0,2,0,0,0
9600,60.0,689,3,1,0,2,0,0,0
9600,80.0,1041,3,0,0,1,224,0,0
14559,75.0,1008,2,2,0,1,324,168,0
6792,40.0,1368,2,1,0,2,132,0,0
9100,70.0,864,3,0,0,2,0,0,0
9187,71.0,1084,3,0,0,2,120,0,0
10594,55.0,768,2,0,0,1,0,0,0
12220,94.0,2006,3,1,0,3,156,0,1
10448,,689,3,1,0,2,0,0,0
10208,79.0,1264,3,1,0,3,220,0,1
9531,,794,3,0,0,2,0,0,0
10918,53.0,1276,3,2,0,1,0,145,0
10800,60.0,0,3,0,0,0,220,0,0
11988,90.0,1244,3,2,0,1,0,0,0
5000,50.0,1004,3,2,0,2,0,0,0
40094,130.0,3138,3,1,0,3,208,0,0
11787,95.0,1379,3,1,0,3,239,0,1
7500,62.0,1257,3,1,0,2,38,0,0
13300,70.0,928,2,0,0,1,261,0,0
14948,67.0,1452,3,1,0,3,126,0,1
9098,58.0,528,2,0,0,0,0,0,0
32668,,2035,4,2,0,2,0,0,0
10200,85.0,1461,3,1,0,2,224,0,0
6155,60.0,611,3,0,0,2,0,0,0
7200,60.0,0,2,1,0,1,0,0,0
5000,50.0,0,1,0,0,0,0,0,0
9056,74.0,707,3,1,0,2,100,0,0
7000,70.0,1117,3,0,0,0,85,0,0
8924,57.0,880,3,0,0,2,120,0,0
12735,,864,3,0,0,2,216,0,0
11553,,1051,3,1,0,1,466,0,0
11423,,1581,3,1,0,2,180,0,1
14601,85.0,1838,2,1,0,3,270,0,1
11000,,969,4,1,0,3,0,0,0
10140,78.0,1650,3,1,0,2,78,0,0
4058,34.0,723,1,0,0,1,120,0,0
17104,58.0,654,3,1,0,2,100,0,0
13837,,1204,4,0,0,3,0,0,0
8737,70.0,1065,3,1,0,2,0,0,0
7244,54.0,768,2,0,0,2,104,0,0
8235,49.0,825,2,0,0,2,140,0,0
9375,75.0,912,4,1,0,2,182,0,1
4043,53.0,1069,2,0,0,2,0,200,0
6000,50.0,928,3,0,0,1,0,0,0
11146,87.0,1709,3,1,0,3,169,0,1
8777,67.0,0,2,0,0,2,0,0,0
10625,85.0,998,3,1,0,3,320,0,1
6380,58.0,993,2,1,0,1,0,0,0
14850,69.0,1092,2,1,0,1,268,122,0
11040,60.0,637,3,0,0,1,0,0,0
21872,57.0,729,3,1,0,2,264,0,0
3196,,1374,2,1,0,2,143,0,0
11341,,1392,3,1,0,2,0,95,0
10010,77.0,1389,2,1,0,2,240,0,0
13907,63.0,996,3,1,0,0,144,0,0
21780,66.0,1163,4,1,0,2,72,144,0
13346,,1095,4,1,0,2,0,0,1
6858,66.0,806,4,0,0,1,0,0,0
11198,77.0,1122,4,1,0,3,144,0,1
10171,70.0,1517,3,0,0,2,0,0,0
12327,79.0,1496,1,1,0,2,349,0,1
7032,,943,2,2,0,2,42,0,0
13101,74.0,1728,6,0,0,2,0,0,0
7332,60.0,864,2,0,0,1,168,0,0
13159,83.0,846,3,0,0,2,208,0,0
9967,76.0,384,3,1,0,2,100,0,0
10500,70.0,372,3,0,0,1,35,0,0
8480,80.0,832,2,0,0,1,158,0,0
6292,52.0,861,3,1,0,1,0,0,0
11777,96.0,1164,3,2,0,2,160,0,0
3604,34.0,689,2,0,0,2,0,0,0
12150,81.0,1050,4,0,0,1,0,0,0
14585,,1144,3,2,0,2,216,0,0
12704,98.0,2042,3,1,0,3,0,0,1
11841,81.0,816,3,0,0,0,0,0,0
13500,75.0,1237,3,1,0,2,105,0,1
6120,51.0,884,3,0,0,1,0,120,0
11443,88.0,1868,2,2,0,3,326,0,1
10267,55.0,816,2,0,0,1,0,0,0
8740,74.0,840,2,0,0,2,0,0,0
25095,65.0,1437,1,2,0,1,0,60,0
9100,50.0,742,2,0,0,1,0,0,0
8320,64.0,770,3,0,0,2,0,0,0
13478,97.0,1722,3,1,0,3,382,0,1
6600,60.0,816,2,0,0,2,0,0,0
4435,,848,1,0,0,2,140,0,0
7990,88.0,924,3,0,0,1,0,0,0
11302,69.0,1814,3,1,0,3,180,120,1
3600,60.0,684,3,0,0,1,0,0,0
3922,53.0,1258,2,1,0,3,120,0,0
12984,80.0,1430,3,1,0,2,0,0,0
1950,24.0,716,3,1,0,2,161,0,0
10927,74.0,1058,3,1,0,2,179,0,1
9000,50.0,780,3,1,0,1,0,126,0
10041,80.0,908,3,1,0,2,120,0,0
3182,30.0,600,2,0,0,2,0,0,0
12803,88.0,1494,3,1,0,2,192,0,0
13600,85.0,768,3,3,0,2,0,189,0
12464,82.0,1040,3,0,0,2,168,0,0
7800,78.0,896,3,0,0,1,103,0,0
12168,78.0,965,4,2,0,2,0,0,1
7943,61.0,1029,3,0,0,1,64,0,0
11050,,1440,3,2,0,3,253,0,1
10395,,1032,3,1,0,2,0,0,0
11885,,1299,3,1,0,2,160,0,1
8402,70.0,1120,3,0,0,0,0,0,0
1491,21.0,630,1,0,0,0,96,0,0
8800,80.0,936,3,0,0,2,120,0,0
7861,,783,3,1,0,2,100,0,0
7227,59.0,832,2,0,0,2,0,0,0
11694,90.0,1822,3,1,0,3,0,260,1
12244,85.0,1482,4,2,0,3,168,0,1
8248,45.0,864,2,0,0,0,0,0,0
10800,90.0,1522,4,1,0,2,38,0,0
7064,71.0,980,3,0,0,2,192,0,0
2117,,756,2,1,0,2,0,0,0
10400,80.0,732,4,1,0,2,148,147,0
10000,87.0,1116,3,0,0,2,0,385,0
12342,,978,3,1,0,1,0,0,0
9600,80.0,1156,3,2,0,1,0,0,0
11606,70.0,1040,5,2,0,2,335,0,0
9020,82.0,1248,3,0,0,2,176,0,0
9000,50.0,636,3,0,0,1,0,0,0
4590,34.0,1554,2,1,0,2,156,0,0
11900,85.0,1386,3,1,0,2,192,0,0
9250,80.0,1056,3,0,0,1,390,0,0
6979,64.0,1056,0,0,0,2,264,0,0
10896,60.0,1440,8,0,0,0,0,0,0
6120,51.0,264,1,1,0,0,0,0,0
6000,50.0,811,3,0,0,1,0,0,0
8777,67.0,796,2,0,0,0,328,0,0
3982,53.0,1520,1,1,0,3,312,0,1
12677,62.0,1518,1,1,0,2,185,0,1
7050,,1057,3,1,0,2,0,0,0
13860,75.0,1952,4,3,0,2,269,0,1
10793,80.0,780,4,0,0,2,208,0,0
9187,85.0,1766,2,1,0,3,195,0,1
10530,,981,3,0,0,2,0,0,0
7200,60.0,0,3,0,0,2,0,0,0
10452,85.0,1094,3,2,0,2,0,287,0
7700,70.0,756,4,1,0,2,0,0,0
1936,21.0,630,1,0,0,0,0,0,0
8125,65.0,813,3,0,0,2,0,0,0
9084,60.0,755,4,1,0,1,120,0,0
8750,70.0,880,2,1,0,2,0,0,0
10320,60.0,756,3,0,0,1,57,0,0
10437,91.0,2109,2,1,0,3,236,0,1
1680,21.0,525,3,0,0,1,0,0,0
10007,72.0,1053,3,0,0,1,0,0,0
7200,60.0,776,3,1,0,1,0,0,0
17503,78.0,912,3,1,0,1,192,0,0
9937,75.0,1486,3,0,0,2,0,0,0
12384,,793,3,1,0,2,0,0,0
46589,52.0,1629,4,1,0,3,517,0,1
13560,120.0,1392,2,2,0,2,0,0,0
10012,90.0,1138,3,0,0,2,0,0,0
20896,49.0,2077,1,1,0,3,192,0,1
11194,106.0,1406,3,1,0,2,188,0,0
18450,,1021,3,1,0,2,0,0,0
8125,65.0,1408,3,1,0,2,224,0,0
14175,,1188,3,1,0,2,304,0,0
11600,80.0,700,2,1,0,1,0,0,0
8633,64.0,738,3,0,0,2,100,0,0
6629,54.0,672,3,0,0,1,147,0,0
11250,,1208,3,1,0,2,198,0,0
14442,110.0,1477,3,2,0,2,0,200,1
9200,80.0,1136,3,1,0,1,426,0,0
2289,24.0,855,3,1,0,2,28,0,0
9600,60.0,1095,4,0,0,3,0,0,0
9022,52.0,768,2,0,0,1,316,0,0
11844,80.0,2046,3,1,0,3,322,0,1
9945,,988,3,0,0,2,0,0,0
8012,50.0,923,2,1,0,1,80,0,0
4500,55.0,793,3,0,0,1,0,0,0
2887,,1291,2,1,0,2,307,0,0
11248,90.0,1626,3,1,0,3,257,0,1
16770,58.0,1195,4,0,0,2,0,0,0
5062,,1190,3,1,0,2,219,0,0
10207,84.0,874,3,0,0,2,144,0,0
5105,,551,2,0,0,2,0,0,0
8089,60.0,1419,2,1,0,2,140,0,1
7577,61.0,1362,2,1,0,2,192,0,0
4426,,848,1,1,0,2,149,0,0
21535,104.0,2444,4,2,0,3,382,0,1
26178,42.0,1210,4,2,0,2,320,0,1
5400,60.0,1073,2,0,0,1,0,0,0
6120,51.0,927,3,0,0,2,112,0,0
13811,54.0,1112,2,1,0,2,125,0,0
6000,50.0,616,2,0,0,1,0,0,0
6420,57.0,980,2,0,0,1,0,0,0
8450,65.0,894,3,1,0,1,416,0,0
4282,59.0,1391,2,0,0,2,156,0,0
14331,85.0,1800,3,1,0,3,270,0,1
9600,80.0,1164,3,0,0,2,0,0,0
12438,82.0,1234,4,1,0,3,324,0,1
7630,76.0,360,4,1,0,2,344,0,0
8400,70.0,1473,3,0,0,2,0,0,0
5600,70.0,0,3,0,0,0,0,0,0
115149,,1643,2,2,0,2,380,0,1
6240,48.0,1324,2,1,0,2,192,0,1
9018,65.0,728,3,1,0,2,100,0,0
7162,,876,3,0,0,1,0,0,0
4130,56.0,270,2,0,0,0,0,0,0
8712,66.0,859,2,0,0,1,68,0,0
4671,40.0,1228,2,1,0,2,168,0,0
9873,60.0,960,3,0,0,2,0,0,0
13517,,725,3,0,0,2,0,0,0
10140,78.0,1064,3,1,0,2,0,0,0
10800,60.0,718,3,0,0,2,0,0,0
10000,80.0,1176,3,1,0,2,224,0,0
10542,96.0,1311,3,1,0,3,250,0,1
9920,69.0,971,3,1,0,1,0,0,0
6563,,1742,2,1,0,2,114,0,1
4426,,848,1,0,0,2,160,0,0
8120,70.0,864,3,0,0,2,0,0,0
8172,60.0,941,4,0,0,1,0,156,0
13286,86.0,1698,3,1,0,3,327,0,1
6960,60.0,864,3,0,0,2,96,0,0
21695,,880,3,1,0,2,292,0,0
7314,64.0,1232,2,0,0,2,132,0,0
11475,85.0,1584,4,0,0,3,0,0,0
6240,52.0,780,2,0,0,2,0,0,0
5389,39.0,1595,2,1,0,2,237,0,0
9590,73.0,868,3,1,0,2,160,0,0
11404,75.0,1153,3,1,0,2,192,0,0
10000,80.0,864,3,1,0,1,165,0,0
8978,,948,3,0,0,1,147,0,0
10800,60.0,880,2,2,0,2,0,0,0
8544,60.0,0,2,0,0,2,0,0,0
10463,72.0,893,3,1,0,3,0,0,0
10800,60.0,1200,3,0,0,0,120,0,0
9313,65.0,864,3,0,0,2,187,0,0
9600,60.0,264,2,0,0,2,270,0,0
6768,65.0,912,3,0,0,1,168,0,0
8450,65.0,1349,3,0,0,2,120,0,0
12886,70.0,520,3,1,0,2,302,100,0
5395,41.0,1337,2,1,0,2,96,0,0
8963,,1142,4,2,0,2,0,0,1
8795,,952,4,1,0,2,224,0,0
11700,65.0,1240,4,1,0,4,181,0,1
10593,59.0,1720,3,1,0,2,240,0,1
8405,50.0,0,4,0,0,1,92,0,0
8800,55.0,576,3,0,0,0,0,0,0
7750,,660,3,0,0,2,0,0,0
9236,79.0,1479,3,0,0,2,168,0,0
10240,80.0,1030,3,1,0,3,192,0,1
7930,61.0,1026,3,0,0,2,171,0,0
3230,34.0,729,3,0,0,2,0,0,0
10769,68.0,866,3,0,0,2,144,0,0
11616,,672,3,1,0,2,335,0,0
2280,24.0,744,3,0,0,2,0,0,0
12257,65.0,1318,4,1,0,3,222,0,1
9100,70.0,864,2,0,0,1,0,0,0
6911,60.0,1145,2,0,0,2,0,0,0
8640,72.0,756,3,0,0,2,169,0,0
9430,82.0,1252,3,1,0,3,0,180,1
9549,30.0,1494,2,1,0,2,0,216,1
14587,75.0,1498,2,1,0,2,0,0,1
10421,80.0,980,3,1,0,2,228,0,0
12508,75.0,983,4,0,0,1,245,0,0
9100,70.0,1860,3,1,0,2,120,0,0
53504,47.0,1650,4,1,0,3,503,210,1
7252,,858,2,0,0,2,120,0,0
8877,67.0,836,2,0,0,2,0,0,0
7819,94.0,1029,3,1,0,2,144,0,0
10150,70.0,912,2,0,0,1,0,0,0
14226,110.0,1935,3,1,0,3,315,0,1
4500,32.0,1204,2,0,0,2,0,0,0
11210,86.0,1614,3,0,0,3,144,0,0
13350,100.0,864,3,1,0,2,241,0,0
8400,60.0,0,4,2,0,2,0,0,0
10530,78.0,975,2,0,0,2,0,0,0
7875,63.0,1237,3,1,0,2,220,0,0
7153,65.0,761,3,0,0,2,0,0,0
16285,67.0,1413,3,0,0,2,0,0,0
9101,,1097,1,1,0,2,303,0,0
6300,35.0,742,3,1,0,0,0,0,0
9790,,1372,3,1,0,2,0,197,0
10800,60.0,686,4,0,0,1,0,0,0
10142,76.0,956,4,0,0,2,0,0,0
6000,50.0,901,2,0,0,1,0,0,0
12205,,832,5,0,0,2,133,0,0
3182,43.0,1145,2,1,0,2,100,0,0
11333,,1029,3,2,0,2,120,0,0
9920,92.0,1117,3,1,0,2,180,0,1
9158,76.0,1496,3,0,0,2,168,0,0
10832,,712,3,1,0,2,143,0,0
8400,70.0,650,3,1,0,2,0,204,0
8197,71.0,660,3,1,0,2,138,0,0
7677,57.0,773,2,0,0,1,0,0,0
13518,104.0,1926,4,2,0,3,144,0,1
7200,60.0,731,3,2,0,1,0,0,0
12798,79.0,616,4,0,0,2,403,0,0
4800,40.0,1196,2,0,0,2,0,0,0
8199,63.0,728,3,1,0,2,36,0,0
13891,107.0,1734,4,1,0,3,52,192,1
9000,75.0,936,2,0,0,1,0,0,0
12274,91.0,1417,3,0,0,2,0,0,0
9750,75.0,980,3,0,0,1,68,0,0
21384,144.0,1324,3,1,0,2,0,0,0
13400,85.0,1024,3,1,0,2,0,0,0
8100,90.0,849,2,0,0,2,40,0,0
10140,78.0,1040,3,1,648,2,265,0,0
4438,,848,1,1,0,2,140,0,0
8712,66.0,540,2,0,0,2,0,0,0
9750,75.0,1442,4,0,0,1,0,0,0
8248,45.0,686,3,0,0,1,207,0,0
12137,48.0,1649,3,0,0,2,0,0,0
11425,,1008,2,1,0,1,0,0,0
13265,,1568,3,2,0,3,150,0,1
8816,80.0,1010,3,0,0,2,0,0,0
6371,44.0,1358,2,1,0,2,192,0,0
7226,72.0,798,3,0,0,2,0,0,0
6000,60.0,936,2,0,0,2,0,0,0
12394,,847,3,1,0,2,100,0,0
9900,60.0,778,3,1,0,1,335,0,0
11216,81.0,1489,3,1,0,2,0,0,0
14803,114.0,2078,2,1,0,3,188,0,1
6130,50.0,784,2,0,0,0,0,0,0
8529,65.0,1454,3,1,0,2,290,0,0
28698,,1013,3,0,0,2,486,225,0
2544,24.0,600,2,0,0,2,0,0,0
11900,80.0,1392,3,2,0,2,0,192,0
3180,30.0,600,2,0,0,2,0,0,0
9548,44.0,941,3,1,0,2,192,0,0
10004,100.0,1516,3,0,0,2,0,152,0
7875,75.0,1144,3,0,0,2,0,0,0
9600,60.0,1067,2,0,0,2,290,0,0
8100,90.0,1559,2,0,0,2,0,0,0
1680,21.0,483,2,0,0,1,0,0,0
9525,75.0,1099,3,0,0,1,278,0,0
11767,70.0,768,3,0,0,1,0,0,0
12155,,672,4,0,0,1,0,0,0
10440,60.0,650,3,1,0,2,70,0,0
9020,82.0,1127,3,0,0,2,0,0,0
8000,80.0,1800,6,0,0,0,0,0,0
12665,100.0,876,4,1,0,3,418,0,0
16647,,1390,3,2,0,2,0,0,0
9317,75.0,740,3,1,0,2,234,0,0
15523,36.0,864,3,1,0,1,0,0,0
45600,75.0,907,5,1,0,2,486,175,0
9600,80.0,528,3,1,0,2,113,0,0
4435,36.0,848,1,0,0,2,140,0,0
3196,,1273,2,1,0,2,143,0,0
7128,53.0,918,4,2,0,1,0,126,0
12095,,1127,3,1,0,2,180,0,0
17920,102.0,1763,3,1,0,2,0,312,0
6897,,1040,3,0,0,1,0,0,0
10970,,940,3,0,0,2,0,0,0
8125,65.0,702,3,1,0,2,0,0,0
10400,80.0,1090,3,1,0,2,0,0,0
11029,,1054,4,1,0,2,0,222,0
7642,55.0,912,3,1,0,1,0,0,0
11625,75.0,1039,3,0,0,2,0,0,0
9672,81.0,1040,3,0,0,2,0,0,0
7931,70.0,1148,3,0,0,1,0,0,0
8640,72.0,1372,3,0,0,2,0,0,1
8750,,1002,3,0,0,2,0,0,0
10656,67.0,1638,3,1,0,3,192,0,0
6970,85.0,1040,3,0,0,2,168,0,0
14762,,0,2,1,0,2,120,0,0
9938,80.0,1050,3,1,0,2,156,0,0
6600,60.0,894,2,0,0,1,0,0,0
8750,70.0,804,3,0,0,2,0,0,0
8892,74.0,105,3,0,0,2,196,0,0
12144,60.0,832,3,1,0,1,0,0,0
5720,52.0,676,3,0,0,1,26,0,0
9000,75.0,1184,4,1,0,2,208,0,1
25286,94.0,1064,3,0,0,2,0,0,0
8834,74.0,1462,4,1,0,3,184,0,1
11782,88.0,1109,3,0,0,2,192,0,0
7000,,864,3,0,0,1,0,0,0
7024,60.0,1090,2,0,0,2,0,0,0
13758,44.0,1156,3,1,0,2,168,0,0
9636,,808,3,1,0,2,342,0,0
6204,60.0,795,5,0,0,1,0,0,0
7150,65.0,892,3,0,0,1,0,0,0
5119,50.0,1698,2,1,0,2,97,0,1
8393,70.0,1626,4,0,0,2,272,0,0
16466,59.0,816,3,0,0,1,121,265,0
15865,95.0,2217,4,1,0,2,81,224,1
12160,128.0,1505,2,1,0,2,0,0,0
8064,60.0,672,3,1,0,2,0,0,0
11184,70.0,918,3,1,0,2,243,0,0
8414,70.0,1059,3,0,0,1,192,0,0
13284,,1383,3,1,0,1,511,0,0
7018,64.0,0,4,0,0,2,0,0,0
7056,71.0,780,4,1,0,2,0,0,0
8765,50.0,951,2,0,0,1,0,0,0
7018,64.0,0,6,0,0,2,154,0,0
12919,100.0,2330,2,2,0,3,0,0,1
6993,65.0,912,3,1,0,1,0,0,0
7340,,858,2,0,0,1,0,0,0
8712,64.0,992,2,0,0,1,0,0,0
7875,63.0,783,3,1,0,2,0,0,0
14859,50.0,1670,3,1,0,3,144,0,0
6173,,876,3,0,0,1,0,0,0
9920,80.0,1056,3,0,0,1,0,0,0
13501,116.0,1623,3,1,0,3,0,0,1
11500,86.0,1017,3,1,0,1,0,322,0
8885,,864,2,0,0,2,164,0,0
12589,149.0,742,3,1,0,2,36,0,0
11600,80.0,1105,5,0,0,2,0,0,0
9286,,1268,3,0,0,1,173,0,0
6120,51.0,768,3,0,0,1,0,120,0
6270,82.0,1001,4,0,0,3,0,0,0
3000,30.0,612,2,0,0,2,0,0,0
2001,21.0,546,3,0,0,1,0,0,0
9000,50.0,480,1,0,0,1,0,0,0
17140,,1134,3,0,0,1,0,0,0
13125,103.0,1104,4,1,0,3,72,0,0
11029,87.0,1184,3,1,0,2,0,190,0
8462,70.0,928,3,0,0,2,300,0,0
8777,67.0,1272,4,0,0,0,0,0,0
10237,65.0,1316,3,1,0,2,100,0,0
8012,50.0,1604,2,1,0,2,0,0,0
10240,79.0,1686,3,1,0,2,384,0,0
15611,,1126,3,0,0,2,180,0,0
11999,93.0,1181,4,1,0,3,104,0,1
9900,,832,4,1,0,2,0,0,0
11838,,1753,3,1,0,2,202,0,0
13006,,964,4,1,0,2,0,0,0
8925,73.0,1466,3,0,0,3,100,0,0
9100,70.0,925,2,0,0,1,0,0,0
11670,84.0,1905,3,1,0,3,0,0,1
8487,63.0,1500,3,0,0,2,192,0,0
27650,313.0,585,4,1,0,2,0,0,0
5825,52.0,600,1,0,0,2,0,0,0
10083,67.0,1176,2,0,0,2,0,0,0
9675,75.0,1113,3,1,0,2,0,0,1
8760,73.0,1391,3,0,0,3,0,0,0
24090,,1032,4,2,0,1,56,0,0
12640,55.0,1728,4,0,0,2,40,0,0
8755,,992,3,1,0,2,0,0,0
7711,42.0,1440,4,0,0,0,321,0,0
25000,100.0,1632,4,0,0,2,0,0,0
14375,,819,3,1,0,2,0,233,0
8820,98.0,1088,2,0,0,2,48,0,0
8163,70.0,1144,3,1,0,1,86,0,0
14536,85.0,1616,3,1,0,3,0,0,1
14006,65.0,936,3,1,0,2,144,0,0
9360,78.0,1161,3,1,0,2,0,0,0
7200,60.0,864,3,0,0,2,194,0,0
7800,60.0,828,3,0,0,1,421,0,0
7200,60.0,768,2,0,0,1,192,0,0
11075,,784,4,1,0,2,305,0,0
9400,35.0,945,4,0,0,0,0,0,0
7136,82.0,979,4,0,0,2,0,0,0
1300,24.0,561,2,1,0,2,150,0,0
7420,70.0,1057,3,0,0,2,0,0,0
8450,65.0,1337,3,0,0,2,0,0,0
2572,24.0,696,3,0,0,2,0,0,0
7207,50.0,858,2,0,0,0,117,0,0
12227,,1330,4,1,0,2,550,0,1
2308,24.0,804,3,1,0,2,48,0,0
11923,122.0,1800,2,0,0,2,288,0,0
11316,80.0,817,4,1,0,2,0,0,0
10237,65.0,783,3,1,0,2,0,0,0
9600,130.0,728,2,2,0,1,0,0,0
7390,,1098,3,0,0,1,0,0,0
5925,50.0,600,2,0,0,0,0,0,0
10382,75.0,588,2,0,0,1,0,0,0
10800,60.0,720,4,0,0,0,0,0,0
2268,36.0,764,2,0,0,2,0,0,0
7892,55.0,918,2,1,0,1,28,0,0
11639,95.0,1428,3,0,0,2,0,0,0
11414,60.0,728,3,0,0,2,509,0,0
2651,,673,3,0,0,2,153,0,0
5900,51.0,440,2,0,0,0,0,0,0
4274,35.0,1241,1,0,0,2,0,0,0
9450,68.0,894,3,0,0,2,0,0,0
8816,80.0,1121,3,0,0,2,0,0,0
12122,,944,3,0,0,2,144,0,0
12203,98.0,1225,4,1,0,3,250,0,1
3182,43.0,1266,2,1,0,2,100,0,0
11250,,1128,4,1,0,2,0,0,1
10125,75.0,0,4,0,0,2,0,0,0
10880,68.0,1164,3,0,0,1,0,0,0
5310,59.0,485,2,0,0,1,394,0,0
10159,83.0,1930,3,1,0,3,168,0,1
12046,,848,4,1,0,2,0,0,0
8125,65.0,770,3,0,0,2,0,0,0
9452,82.0,1396,3,1,0,3,0,0,1
17671,121.0,916,4,1,0,2,0,0,0
9760,80.0,822,3,1,0,2,239,0,0
8846,68.0,750,3,0,0,2,0,0,0
12456,96.0,1700,3,1,0,3,216,0,1
4712,51.0,747,3,0,0,1,0,63,0
10659,,1050,3,0,0,1,0,0,0
11717,,1442,2,1,0,2,371,0,0
9786,60.0,1007,3,1,0,1,0,0,0
6762,64.0,1187,2,0,0,2,105,0,0
10206,74.0,0,2,0,0,2,0,0,0
5400,60.0,691,2,0,0,1,0,0,0
11957,75.0,1574,3,1,0,3,144,0,0
11500,,1680,4,0,0,2,0,0,0
3182,43.0,1346,1,1,0,2,156,0,0
8385,65.0,985,3,0,0,1,210,0,0
12155,,1657,3,1,0,2,0,147,0
2217,21.0,546,3,0,0,1,238,0,0
12118,43.0,1710,3,1,0,2,100,180,0
6000,60.0,1008,4,0,0,0,0,0,0
21286,115.0,720,4,1,0,1,0,0,0
9825,75.0,0,4,0,0,0,0,0,0
10592,55.0,602,3,2,0,1,96,53,0
7200,60.0,1022,2,0,0,1,0,0,0
11664,60.0,1082,2,1,0,1,0,0,0
8400,70.0,810,3,0,0,2,0,0,0
11883,73.0,1504,3,1,0,2,115,0,0
5814,,1220,1,1,0,2,63,0,0
10784,,384,3,1,0,2,164,0,0
3013,43.0,1362,2,1,0,2,142,0,0
7024,60.0,1132,2,0,0,2,252,0,0
7406,64.0,1199,2,0,0,2,105,0,0
9439,52.0,912,2,0,0,1,0,0,0
3182,43.0,1346,2,1,0,2,156,0,0
15498,,1565,2,1,0,2,0,0,1
7700,70.0,882,3,0,0,2,96,0,0
9300,73.0,1268,3,2,0,2,0,143,0
9520,71.0,1638,3,1,0,3,192,0,1
9492,79.0,768,3,1,0,1,0,0,0
1680,21.0,672,3,0,0,1,0,0,0
7082,,686,5,0,0,0,0,0,0
15863,102.0,824,5,2,0,2,136,0,0
14541,,1338,5,1,0,3,209,0,1
8125,,1654,3,0,0,3,0,0,0
6305,50.0,920,2,1,0,1,0,0,0
11500,,0,3,0,0,1,186,0,0
12898,89.0,1620,2,1,0,3,228,0,1
9240,,1055,3,1,0,2,0,189,1
1533,21.0,546,3,1,0,0,0,0,0
1477,21.0,630,1,0,0,1,0,0,0
13125,88.0,1134,3,1,0,2,0,0,0
9130,,800,4,0,0,2,0,0,0
5381,34.0,1306,1,1,0,2,170,0,0
11839,86.0,1475,4,1,0,2,192,0,1
9600,80.0,2524,4,1,0,2,474,0,1
13680,,0,4,1,0,2,0,0,0
16056,85.0,1992,4,1,0,3,214,0,1
9245,57.0,990,3,0,0,2,0,0,0
21750,100.0,0,3,1,0,2,0,0,0
11100,60.0,0,2,0,0,1,0,0,0
8993,73.0,1302,3,0,0,2,0,0,0
11175,103.0,1316,3,1,0,2,0,0,0
9500,100.0,816,4,1,0,2,0,0,0
8562,68.0,1216,4,1,0,1,116,0,0
11367,90.0,1065,3,1,0,2,199,0,1
11361,104.0,1193,3,1,0,2,0,189,0
7052,43.0,1364,2,1,0,2,192,0,0
29959,,973,3,1,0,2,168,0,0
11308,96.0,1104,3,1,0,3,0,0,1
11275,,854,3,1,0,2,0,0,0
4920,41.0,1338,2,0,0,2,0,0,0
18000,120.0,894,2,0,0,3,0,0,0
13600,85.0,662,5,0,0,2,0,0,0
6000,50.0,1103,2,1,0,2,166,0,0
11000,,1154,3,1,0,2,0,0,0
14000,80.0,1306,3,0,0,2,296,0,1
7837,59.0,799,3,1,0,2,0,0,0
9760,80.0,780,4,0,0,2,328,189,0
3964,42.0,942,5,1,0,2,728,0,0
9600,60.0,845,2,0,0,2,0,0,0
10152,72.0,1048,3,0,0,1,0,192,0
11700,78.0,727,4,0,0,2,0,0,0
7585,50.0,810,4,1,0,1,0,0,0
7950,75.0,690,3,0,0,2,252,0,0
8556,74.0,1240,2,0,0,3,140,0,0
13125,75.0,800,3,2,0,1,0,0,0
10800,60.0,796,3,1,0,2,436,0,0
15870,,1096,3,0,0,1,240,0,0
4435,37.0,848,1,1,0,2,140,0,0
8775,65.0,990,3,0,0,1,0,0,0
11040,80.0,1258,3,0,0,2,55,0,0
7500,75.0,1040,3,0,0,1,0,0,0
8749,70.0,1459,3,1,0,2,192,0,0
8800,80.0,1251,3,2,0,1,0,0,0
13031,,691,3,1,0,2,315,0,0
9069,73.0,936,2,0,0,2,120,0,0
1974,,546,3,0,0,1,120,0,0
10574,85.0,1082,3,1,0,3,160,0,1
2522,24.0,970,3,0,0,2,0,0,0
3316,37.0,1247,1,1,0,2,0,0,0
8544,60.0,0,2,0,0,2,0,0,0
2160,24.0,600,2,0,0,2,0,0,0
8400,60.0,1181,4,1,0,2,342,0,0
9230,71.0,864,1,0,0,2,0,0,0
5868,74.0,936,2,0,0,1,0,160,0
9317,78.0,1314,3,1,0,2,0,0,0
6882,60.0,684,3,0,0,0,136,0,0
3696,,1074,2,0,0,2,0,0,0
6000,50.0,672,3,0,0,1,0,0,0
11880,82.0,1271,3,1,0,2,0,0,0
8400,60.0,290,1,0,0,1,0,0,0
9758,61.0,950,3,0,0,1,0,0,0
7000,70.0,1010,2,0,0,1,0,0,0
8910,79.0,655,3,1,0,2,0,0,0
2016,24.0,630,3,0,0,2,0,0,0
12256,98.0,1463,3,2,0,2,186,0,1
10357,114.0,910,3,1,0,2,0,0,0
23257,168.0,868,3,1,0,2,0,0,1
8063,,924,3,1,0,2,100,0,0
11362,107.0,1836,3,1,0,3,125,0,1
8000,,773,3,1,0,2,224,0,0
10480,80.0,803,4,1,0,2,0,0,0
7100,73.0,816,2,0,0,1,0,0,0
8923,66.0,1008,2,0,0,1,0,0,0
5400,90.0,833,2,0,0,1,0,0,0
12085,93.0,1734,3,1,0,3,0,0,1
7750,,408,3,1,0,2,120,0,0
9764,57.0,894,3,0,0,2,0,0,0
13825,85.0,533,3,0,0,1,280,0,0
7560,70.0,1040,3,0,0,1,140,0,0
8263,59.0,1012,2,1,0,1,0,0,0
10084,84.0,1552,3,0,0,3,144,0,0
8926,,672,3,0,0,1,64,160,0
9405,50.0,698,2,0,0,0,0,0,0
9125,,384,3,1,0,2,100,0,0
10434,60.0,1005,2,1,0,2,0,0,0
3684,53.0,1373,2,1,0,3,143,0,0
14572,182.0,1530,3,1,0,3,144,0,1
11796,59.0,847,4,1,0,2,100,0,0
7200,60.0,936,2,0,0,2,49,0,0
7804,65.0,1122,4,2,0,2,431,0,0
10712,63.0,974,3,0,0,0,0,0,0
9900,90.0,1008,5,0,0,1,0,0,0
9828,80.0,1128,3,1,0,2,0,0,0
8773,57.0,916,3,1,0,2,100,0,0
6180,60.0,960,2,1,0,1,0,0,0
9600,80.0,1032,3,0,0,1,0,0,0
6342,54.0,780,2,0,0,0,0,0,0
9819,,1567,2,2,0,2,264,0,0
8731,98.0,915,3,1,0,2,0,126,0
7350,60.0,952,2,0,0,2,0,0,0
10304,,780,4,1,0,2,448,0,0
9965,77.0,1466,4,1,0,3,125,0,1
9000,,1006,3,0,0,0,0,0,0
12180,60.0,672,2,0,0,1,0,0,0
6240,52.0,1042,3,1,0,1,0,0,0
11200,,1298,3,1,0,2,165,0,0
12000,75.0,704,3,1,0,1,0,0,0
5700,,572,2,1,0,1,0,0,0
9000,50.0,650,3,0,0,2,0,0,0
8280,57.0,932,2,1,0,1,0,0,0
17755,134.0,1466,3,2,0,2,0,100,0
14115,90.0,1073,2,1,0,2,0,0,0
5890,,816,2,0,0,1,0,0,0
13700,,864,4,2,0,2,60,273,0
10768,90.0,1437,3,1,0,2,0,180,0
9350,85.0,1219,3,1,0,2,0,0,0
5001,34.0,1314,2,1,0,2,172,0,0
11932,92.0,1580,3,0,0,3,0,0,0
9120,76.0,901,4,1,0,2,0,0,0
2280,24.0,855,3,1,0,2,26,0,0
14778,,1296,3,1,0,2,108,0,0
8724,109.0,894,3,1,0,2,0,0,0
12900,60.0,1198,0,0,0,2,120,0,0
16157,,1360,2,1,0,2,168,0,0
9541,79.0,1502,3,0,0,2,0,0,0
10475,64.0,1694,3,0,0,3,160,0,0
10852,58.0,959,3,1,0,2,0,0,0
13728,120.0,1127,4,2,0,2,0,90,0
35760,118.0,1930,4,1,0,3,361,0,1
9880,76.0,1096,3,1,576,1,203,0,0
9120,76.0,1261,3,1,0,2,0,288,0
4017,35.0,625,2,0,0,2,0,0,0
18030,138.0,1598,3,1,0,0,122,0,0
16560,80.0,952,4,1,0,2,0,0,0
10678,85.0,1683,4,1,0,2,0,0,1
6951,37.0,876,3,0,0,1,362,0,0
3950,,818,3,0,0,1,0,0,0
7681,54.0,731,3,1,0,1,192,0,0
8335,77.0,0,3,1,0,0,0,0,0
11170,,1216,4,0,0,2,0,0,0
5587,64.0,1600,2,1,0,2,162,0,1
15623,160.0,2396,4,2,555,3,171,0,1
10800,60.0,1120,2,1,0,2,229,0,0
35133,50.0,1572,3,2,0,3,0,263,0
9738,60.0,784,4,0,0,1,0,0,0
10615,107.0,978,3,0,0,2,0,0,0
12461,89.0,1624,2,1,0,3,0,0,1
8935,68.0,831,3,0,0,2,144,0,0
7500,60.0,994,3,1,0,2,140,0,0
32463,,1249,3,1,0,4,439,0,0
2645,24.0,776,2,0,0,2,206,0,0
9600,60.0,702,3,0,0,1,0,0,0
4500,,1224,2,0,0,2,0,0,0
9364,80.0,663,4,0,0,1,379,0,0
8029,51.0,728,3,0,0,2,100,0,0
14054,58.0,879,4,1,0,3,100,0,0
8850,65.0,815,3,1,0,1,0,0,0
9100,70.0,1212,3,0,0,2,356,0,0
11235,75.0,1051,3,1,0,2,0,0,0
9353,71.0,864,3,0,0,1,0,0,0
10400,80.0,866,3,0,0,2,198,0,0
6000,50.0,884,3,1,0,1,0,0,0
9750,75.0,1630,3,1,0,2,74,0,0
10140,78.0,1056,3,0,0,2,0,0,0
14684,90.0,2158,3,1,0,3,84,0,1
8900,,1056,2,0,0,1,0,0,0
9135,70.0,1682,3,0,0,2,192,0,0
7763,70.0,931,3,0,0,2,0,0,0
10182,85.0,1660,3,1,0,2,322,0,1
11218,70.0,1055,3,1,0,2,635,0,0
12134,152.0,559,4,0,0,2,325,0,0
9340,50.0,672,2,0,0,1,0,0,0
10246,,648,0,0,0,1,88,0,0
10205,69.0,925,3,0,0,1,150,0,0
7094,99.0,894,3,0,0,1,0,0,0
8930,68.0,0,4,0,0,2,0,0,0
8640,72.0,1300,3,0,0,2,135,0,0
6240,52.0,0,2,0,0,0,0,0,0
1680,21.0,672,3,0,0,0,201,0,0
7800,66.0,912,2,0,0,1,0,0,0
8250,55.0,952,3,1,0,1,0,0,0
10496,78.0,1040,3,1,0,1,0,0,0
10680,89.0,2136,4,0,0,2,0,0,0
15384,60.0,788,3,1,0,2,100,0,0
10482,65.0,588,3,0,0,1,224,0,0
14598,86.0,894,4,1,0,3,100,0,0
8872,72.0,912,2,0,0,2,0,0,0
8769,65.0,1702,1,1,0,3,0,224,1
7910,70.0,1075,4,0,0,1,0,0,0
18890,,1361,4,1,0,2,155,0,0
7728,70.0,1106,3,0,0,2,0,0,0
9842,70.0,0,2,0,0,2,0,0,0
12160,,1188,3,0,0,2,0,0,0
8525,55.0,940,4,0,0,0,0,0,0
13132,96.0,747,4,0,0,1,203,0,0
2628,36.0,764,2,0,0,2,0,0,0
12393,41.0,847,4,1,0,2,100,0,0
13072,63.0,1141,3,0,0,2,0,0,0
9037,64.0,1476,2,1,0,2,120,0,1
8158,65.0,884,3,0,0,2,0,0,0
9849,83.0,1689,3,0,0,3,0,0,0
10625,85.0,1053,3,2,0,2,0,0,0
13891,107.0,2076,2,1,0,3,216,0,1
11435,,792,3,2,0,2,0,0,0
12090,78.0,585,3,1,0,2,268,147,0
8125,65.0,756,3,0,0,2,0,0,0
12328,,1012,3,0,0,3,0,0,0
9600,60.0,735,3,1,0,2,0,0,0
7200,60.0,876,3,0,0,1,0,0,0
11160,93.0,2110,3,2,0,2,0,0,0
3136,,1405,2,1,0,2,148,0,0
9858,62.0,864,3,0,0,1,33,0,0
17542,,1192,3,2,0,2,220,0,1
6931,60.0,746,3,1,0,2,178,0,0
6240,52.0,884,3,1,0,1,0,120,0
14303,91.0,1986,2,1,0,2,262,0,1
4060,56.0,864,2,0,0,0,0,0,0
9587,59.0,856,2,0,0,2,212,0,0
9750,65.0,1054,3,0,0,2,180,80,0
24682,,841,3,1,0,2,0,0,0
9600,80.0,1050,2,0,0,1,0,0,0
11250,,1104,5,2,0,1,120,0,0
13515,60.0,764,3,1,0,2,0,0,0
4060,34.0,1405,2,0,0,2,144,0,0
3735,35.0,691,3,0,0,2,0,0,0
10120,60.0,925,4,1,0,1,0,0,0
13214,89.0,2002,3,1,0,3,144,0,1
14100,,728,4,2,0,3,314,0,1
11344,78.0,874,3,0,0,1,0,0,0
23595,,1332,0,1,0,2,268,0,1
9156,,1489,3,1,0,2,0,0,0
13526,,935,3,0,0,1,180,0,0
11512,124.0,1019,2,1,0,1,0,163,0
5362,53.0,661,3,1,0,2,242,0,0
11345,95.0,928,4,0,0,2,0,0,0
12936,,723,3,1,0,2,294,0,0
17871,,1680,3,1,0,2,0,0,0
9473,75.0,1128,3,1,0,2,0,0,0
7500,60.0,698,2,0,0,2,30,0,0
9808,67.0,1573,3,0,0,2,0,0,0
8049,50.0,1309,2,1,0,2,0,90,0
8800,61.0,1040,3,0,0,2,0,288,0
9400,94.0,912,4,0,0,0,128,0,0
9638,50.0,804,4,1,0,1,272,116,0
6000,50.0,780,4,1,0,1,45,0,0
9790,,1328,3,2,0,2,0,0,0
36500,,1624,4,0,0,2,168,0,0
5664,40.0,1501,2,1,0,2,212,0,1
11065,86.0,1085,3,1,0,3,177,0,1
14112,,1152,3,1,0,2,227,0,0
1680,21.0,630,3,0,0,1,185,0,0
6600,60.0,994,4,0,0,1,0,0,0
10140,78.0,832,4,1,0,2,0,259,0
8172,60.0,864,2,0,0,2,0,0,0
8400,70.0,1052,3,0,0,1,356,0,0
8700,80.0,1120,3,0,0,2,192,0,0
3675,35.0,547,2,0,0,2,0,0,0
63887,313.0,6110,3,3,480,2,214,0,0
7500,75.0,1246,3,0,0,1,218,0,0
10762,,978,3,1,0,2,0,0,0
7500,,771,3,2,0,1,0,224,0
10120,92.0,1165,4,1,0,3,309,0,1
8688,73.0,1616,3,0,0,3,208,0,0
3363,32.0,976,3,0,0,2,0,0,0
13173,108.0,1652,2,2,0,2,404,0,1
6955,48.0,1368,2,1,0,2,132,0,0
8072,60.0,990,3,0,0,2,0,0,0
12000,100.0,924,2,0,0,2,0,0,0
7153,,1278,3,0,0,2,112,0,0
17500,100.0,1902,3,2,0,2,0,0,1
8814,68.0,1274,3,0,0,2,264,0,0
9572,,1453,4,1,0,2,500,0,1
14774,108.0,1393,4,1,0,3,668,0,1
8190,60.0,948,3,1,0,1,0,0,0
11075,85.0,952,4,2,0,2,280,0,0
10226,61.0,1622,3,1,0,3,172,0,1
4230,47.0,1352,2,1,0,2,0,0,0
14781,,1753,3,1,0,3,198,0,1
10215,75.0,864,3,0,0,1,0,0,0
8400,70.0,1478,3,2,0,2,114,216,0
6627,,0,2,0,0,1,0,0,0
10186,107.0,750,3,1,0,2,240,0,0
5330,50.0,420,2,0,0,0,164,0,0
9986,75.0,1795,2,1,0,3,0,0,0
3636,40.0,796,2,0,0,0,0,0,0
4270,70.0,544,3,0,0,0,0,0,0
6600,60.0,816,3,1,0,1,0,0,0
10440,60.0,1510,5,2,0,2,0,480,1
9084,63.0,935,3,1,0,2,0,0,0
10000,85.0,1588,3,1,0,3,144,0,0
10780,55.0,911,3,0,0,2,0,0,0
8877,67.0,816,2,1,0,1,0,0,0
7200,60.0,803,2,0,0,1,0,0,0
2368,24.0,765,3,0,0,2,0,0,0
9650,80.0,1350,2,1,0,2,0,0,0
9246,87.0,1656,4,0,0,2,0,0,0
4118,153.0,693,2,0,0,0,0,0,0
13450,95.0,916,3,0,0,2,146,0,0
9560,120.0,864,3,0,0,1,0,0,0
8294,70.0,858,3,0,0,4,0,0,0
13695,66.0,1114,3,0,0,2,0,0,0
9375,,1284,3,1,0,2,192,0,0
7558,57.0,896,3,1,0,2,0,0,0
11103,85.0,728,3,1,0,2,0,0,0
6000,50.0,960,2,0,0,1,0,0,0
20781,,1568,3,1,0,2,0,0,1
15306,93.0,1732,3,1,0,3,0,0,1
16196,,1482,3,1,0,2,402,0,0
5250,50.0,684,4,0,0,0,0,0,0
11643,91.0,1248,6,0,0,4,0,0,0
9247,70.0,858,4,1,0,2,0,120,0
6000,50.0,698,2,0,0,2,210,0,0
14720,56.0,2033,4,1,0,3,283,0,1
10316,,992,3,1,0,3,0,0,0
10192,102.0,570,4,1,0,2,0,0,0
9477,,864,3,0,0,1,0,0,0
12537,,1078,3,1,0,2,0,0,0
2117,,756,3,0,0,2,0,0,0
16737,129.0,1980,3,1,0,3,194,0,1
9842,51.0,612,4,0,0,2,183,0,0
16158,124.0,1530,3,1,0,2,168,0,1
12513,,715,4,1,0,1,55,0,0
8499,73.0,616,3,1,0,2,0,0,0
3180,30.0,600,2,0,0,2,0,0,0
7500,,814,3,0,0,2,0,0,0
9179,68.0,873,3,0,0,2,0,0,0
2665,41.0,757,4,1,0,1,104,0,0
4435,,848,1,0,0,2,140,0,0
10635,48.0,1657,3,1,0,2,0,0,0
5400,90.0,840,2,0,0,1,0,0,0
9600,80.0,992,3,1,0,1,0,178,0
9750,75.0,1108,3,1,0,2,253,0,1
11400,,2633,2,2,0,3,314,0,1
10625,85.0,1026,3,1,0,3,154,0,0
10991,89.0,1571,3,1,0,3,100,0,0
6292,52.0,768,2,0,0,1,0,0,0
10998,60.0,984,3,0,0,2,0,0,0
1953,21.0,483,2,0,0,1,72,0,0
9735,73.0,384,3,0,0,2,100,0,0
8212,45.0,864,2,0,0,1,0,0,0
12925,,1205,4,2,0,2,0,0,0
7200,60.0,596,4,0,0,2,36,0,0
25339,,816,3,0,0,2,0,0,0
9060,60.0,560,2,0,0,1,0,0,0
5436,40.0,796,3,0,0,1,0,0,0
16692,80.0,1392,5,2,519,2,0,440,0
8520,60.0,714,5,1,0,1,88,0,0
14892,42.0,1746,3,2,0,3,201,0,1
6000,60.0,735,3,1,0,2,0,0,0
9100,70.0,1525,3,0,0,2,219,0,0
8944,65.0,1584,4,0,0,3,0,0,0
7838,68.0,864,3,1,0,1,175,0,0
10800,60.0,482,3,1,0,2,0,0,0
4045,53.0,1356,2,1,0,3,161,0,0
12665,88.0,1094,4,1,0,3,144,0,1
57200,,747,3,2,0,2,0,0,0
6120,51.0,939,4,0,0,1,24,0,0
7200,60.0,1208,3,0,0,1,0,0,0
6171,51.0,976,3,1,0,1,147,0,0
6000,50.0,862,3,1,0,1,0,0,0
7415,62.0,839,3,1,0,2,100,0,0
6762,64.0,1286,2,1,0,2,168,0,0
15256,49.0,1485,3,0,0,3,168,0,1
10410,60.0,672,3,0,0,3,216,0,0
3842,44.0,1594,2,1,0,2,128,155,1
8445,70.0,768,2,0,0,2,58,0,0
8780,,833,3,0,0,0,0,0,0
7740,60.0,622,3,0,0,2,0,168,0
20544,46.0,791,3,1,0,2,364,0,0
12420,79.0,944,3,0,0,2,0,0,0
9600,80.0,856,3,0,0,1,0,0,0
7200,60.0,0,2,0,0,2,0,0,0
10994,88.0,1844,2,1,0,2,165,0,1
13053,64.0,833,4,1,0,2,0,220,0
3635,51.0,1386,1,1,0,3,143,0,0
11340,60.0,777,4,0,0,2,0,0,0
16545,,1284,3,1,0,3,0,0,1
9204,71.0,1144,3,0,0,1,0,0,0
16381,,1844,3,1,0,2,0,0,0
11700,90.0,708,3,1,0,2,0,119,0
4043,53.0,1069,2,1,0,2,0,165,0
4435,37.0,848,1,0,0,2,140,0,0
19690,,697,4,1,738,2,586,0,1
9503,,1024,2,1,0,1,316,0,0
10721,80.0,1252,3,0,0,2,0,0,0
10944,81.0,1223,3,2,0,2,171,0,1
10930,60.0,913,3,1,0,1,0,0,0
7200,60.0,788,2,2,0,1,0,0,0
12546,,1440,3,1,0,2,0,0,0
21930,60.0,732,4,1,0,2,100,0,0
4928,,958,2,0,0,2,0,0,0
10800,60.0,656,4,0,0,1,0,0,0
10261,93.0,936,3,1,0,2,0,0,0
17400,80.0,1126,3,1,0,2,295,0,0
8400,80.0,1319,3,1,0,2,0,0,0
9000,60.0,864,3,0,0,2,0,0,0
12444,96.0,1932,2,1,0,3,0,0,1
7407,90.0,912,2,0,0,2,0,0,0
11584,80.0,539,3,1,0,2,0,0,0
11526,79.0,588,3,1,0,2,431,0,0
4426,,848,1,1,0,2,149,0,0
11003,85.0,1017,3,1,0,3,168,0,1
8854,,952,2,1,0,1,0,40,0
8500,63.0,1422,3,0,0,2,192,0,0
8400,70.0,814,3,0,0,1,0,0,0
26142,,1188,3,0,0,1,261,0,0
10000,80.0,1220,3,1,0,2,0,0,0
11767,70.0,560,2,0,0,1,168,0,0
1533,21.0,630,1,0,0,0,0,0,0
9000,60.0,896,4,0,0,0,32,0,0
9262,78.0,1573,3,1,0,3,0,0,1
3675,35.0,547,2,0,0,2,0,0,0
17217,90.0,1140,3,0,0,0,36,0,0
7500,62.0,1221,2,0,0,2,0,0,0
7917,62.0,953,3,1,0,2,0,0,0
13175,85.0,1542,3,2,0,2,349,0,0
9042,66.0,1152,4,2,0,1,0,0,1
9717,68.0,1078,2,0,0,1,366,0,0
9937,75.0,1256,3,0,0,1,736,0,0
